Maxime,x
Etienne,o
Maxime,x
Etienne,o
Maxime,x
Etienne,o
Maxime,x
Etienne,o
Maxime,x
Etienne,o
Maxime,x
ETienne,o
Maxime,x
Etienne,o
Maxime,x
Etienne,o
Maxime,x
etaze,o
Maxime,x
etazeazjeza,o
MAzeoihaze,x
azoehaze,o
Maxime,x
azeioazheapzg,o
Mazorhaz,x
azoeihj,o
Maxime,x
AZEazphr,o
Maxime,x
Etienne ^,o
&oOQijapze,x
azoehgpzgf,o
Maxime,x
azeih,o
amzej,x
azeh,o
Maxime,x
Maxime,o
Maxime,x
Maxime,o
Maxime,x
Maxime,o
Maxime,x
AZe,o
Maxime,x
Maxime,o
Maxime,x
azeih,o
Maxie,x
Maxime,o
Maxime,x
Maxime,o
azhe*az,x
azeui,o
aozeh,x
azeh,o
Maxime,x
aziye,o
azej,x
jaze,o
Hazei,x
azeoih,o
